country_id,time_id,indicator_id,value
2,4,1,29183070.0
2,3,1,28157798.0
2,2,1,27160769.0
2,1,1,26165620.0
6,4,1,11239451.0
6,3,1,11047580.0
6,2,1,10799785.0
6,1,1,10439341.0
3,4,1,11697842.0
3,3,1,11360681.0
3,2,1,11030004.0
3,1,1,10708834.0
5,4,1,19334856.0
5,3,1,18777487.0
5,2,1,18229461.0
5,1,1,17695409.0
4,4,1,2234776.0
4,3,1,2203273.0
4,2,1,2172044.0
4,1,1,2140682.0
9,4,1,4713663.0
9,3,1,4629320.0
9,2,1,4623182.0
9,1,1,4642419.0
8,4,1,23454161.0
8,3,1,22763414.0
8,2,1,22059893.0
8,1,1,21402376.0
13,4,1,5222536.0
13,3,1,5097581.0
13,2,1,4975880.0
13,1,1,4857099.0
11,4,1,741741.0
11,3,1,726682.0
11,2,1,711503.0
11,1,1,696192.0
7,4,1,512554.0
7,3,1,512394.0
7,2,1,512326.0
7,1,1,512225.0
1,4,1,40850721.0
1,3,1,40019529.0
1,2,1,39205031.0
1,1,1,38414171.0
10,4,1,15114655.0
10,3,1,14647621.0
10,2,1,14188678.0
10,1,1,13691079.0
14,4,1,25989405.0
14,3,1,25246342.0
14,2,1,24527395.0
14,1,1,23939775.0
12,4,1,83956415.0
12,3,1,81035531.0
12,2,1,78403242.0
12,1,1,75789395.0
15,4,1,1037653.0
15,3,1,1020313.0
15,2,1,1002717.0
15,1,1,984824.0
16,4,1,101644589.0
16,3,1,99597342.0
16,2,1,97528654.0
16,1,1,95333553.0
18,4,1,3124698.0
18,3,1,3105546.0
18,2,1,3095173.0
18,1,1,3074360.0
20,4,1,106718162.0
20,3,1,103867135.0
20,2,1,101115610.0
20,1,1,98438751.0
21,4,1,2100306.0
21,3,1,2040989.0
21,2,1,1978399.0
21,1,1,1913059.0
23,4,1,29356742.0
23,3,1,28696068.0
23,2,1,28041592.0
23,1,1,27386193.0
24,4,1,12073030.0
24,3,1,11767070.0
24,2,1,11472924.0
24,1,1,11191873.0
22,4,1,2283769.0
22,3,1,2224529.0
22,2,1,2164528.0
22,1,1,2103820.0
25,4,1,1831893.0
25,3,1,1786457.0
25,2,1,1741122.0
25,1,1,1695973.0
17,4,1,1508186.0
17,3,1,1453923.0
17,2,1,1399828.0
17,1,1,1346218.0
26,4,1,48139687.0
26,3,1,47088526.0
26,2,1,46051440.0
26,1,1,44986791.0
28,4,1,4755608.0
28,3,1,4659431.0
28,2,1,4564293.0
28,1,1,4470239.0
29,4,1,6632126.0
29,3,1,6531819.0
29,2,1,6427252.0
29,1,1,6304628.0
27,4,1,2130422.0
27,3,1,2104611.0
27,2,1,2080089.0
27,1,1,2056504.0
35,4,1,35023457.0
35,3,1,34607588.0
35,2,1,34204780.0
35,1,1,33787571.0
30,4,1,26099952.0
30,3,1,25426702.0
30,2,1,24764348.0
30,1,1,24109290.0
32,4,1,19191289.0
32,3,1,18593022.0
32,2,1,18020267.0
32,1,1,17459615.0
36,4,1,27337105.0
36,3,1,26547572.0
36,2,1,25788475.0
36,1,1,25051611.0
33,4,1,4086657.0
33,3,1,3965959.0
33,2,1,3848514.0
33,1,1,3734318.0
34,4,1,1263747.0
34,3,1,1262879.0
34,2,1,1261208.0
34,1,1,1258927.0
31,4,1,17557739.0
31,3,1,17085587.0
31,2,1,16621538.0
31,1,1,16161816.0
37,4,1,2439213.0
37,3,1,2374300.0
37,2,1,2312139.0
37,1,1,2252508.0
38,4,1,20685753.0
38,3,1,19939498.0
38,2,1,19215909.0
38,1,1,18519898.0
39,4,1,195443700.0
39,3,1,190671878.0
39,2,1,185896915.0
39,1,1,181049443.0
40,4,1,11919183.0
40,3,1,11640022.0
40,2,1,11364757.0
40,1,1,11093340.0
48,4,1,41259892.0
48,3,1,40024431.0
48,2,1,38823318.0
48,1,1,37785849.0
42,4,1,15034521.0
42,3,1,14593331.0
42,2,1,14152102.0
42,1,1,13710849.0
44,4,1,7205328.0
44,3,1,7037655.0
44,2,1,6876385.0
44,1,1,6714051.0
45,4,1,14348740.0
45,3,1,13806963.0
45,2,1,13339491.0
45,1,1,12869594.0
47,4,1,10830102.0
47,3,1,11107561.0
47,2,1,11235073.0
47,1,1,11166275.0
41,4,1,203689.0
41,3,1,200291.0
41,2,1,196767.0
41,1,1,193148.0
19,4,1,1149507.0
19,3,1,1142813.0
19,2,1,1136299.0
19,1,1,1129990.0
43,4,1,94677.0
43,3,1,93419.0
43,2,1,91359.0
43,1,1,89949.0
46,4,1,57259551.0
46,3,1,56723537.0
46,2,1,55594838.0
46,1,1,54678791.0
50,4,1,7858289.0
50,3,1,7663195.0
50,2,1,7472450.0
50,1,1,7285442.0
51,4,1,11528674.0
51,3,1,11402264.0
51,2,1,11274288.0
51,1,1,11141361.0
49,4,1,53824013.0
49,3,1,52020962.0
49,2,1,50351512.0
49,1,1,48824128.0
52,4,1,38799152.0
52,3,1,37531446.0
52,2,1,36395539.0
52,1,1,35337042.0
53,4,1,16914423.0
53,3,1,16399089.0
53,2,1,15895315.0
53,1,1,15398997.0
54,4,1,14600294.0
54,3,1,14399013.0
54,2,1,14207359.0
54,1,1,14013808.0
2,4,2,64.2992302517989
2,3,2,63.51567832685
2,2,2,62.723115793241
2,1,2,62.1333075212361
6,4,2,15.6180905635494
6,3,2,14.6695085474754
6,2,2,13.7839781740413
6,1,2,12.9670962745892
3,4,2,46.6094559006664
3,3,2,45.9407403257663
3,2,2,45.2880529235999
3,1,2,44.6502883669319
5,4,2,25.821510372001
5,3,2,25.621432645225
5,2,2,25.3814155996643
5,1,2,25.106116148748
4,4,2,65.6949296854899
4,3,2,65.4103584313295
4,2,2,65.0965122400825
4,1,2,64.7579735458393
9,4,2,40.3808711749566
9,3,2,39.9824421267351
9,2,2,39.6226521868738
9,1,2,39.3042963482777
8,4,2,52.9815033836792
8,3,2,52.6440863142742
8,2,2,52.2993944376709
8,1,2,51.9475591877024
13,4,2,63.2515316469123
13,3,2,63.135592763847
13,2,2,63.0075415618859
13,1,2,62.8682817180686
11,4,2,30.7305018169792
11,3,2,30.3732008585112
11,2,2,30.0302906552932
11,1,2,29.7043482521482
7,4,2,68.0354078358316
7,3,2,66.9045094767116
7,2,2,65.8085112712742
7,1,2,64.7486207521826
1,4,2,70.7353778263851
1,3,2,70.1433070861612
1,2,2,69.5468765157615
1,1,2,68.9463836079277
10,4,2,23.1119734707179
10,3,2,22.8011258828974
10,2,2,22.5294513486009
10,1,2,22.2975929852391
14,4,2,49.929991034032
14,3,2,49.4694894689553
14,2,2,49.0173144557368
14,1,2,48.5702332186208
12,4,2,41.7290483782911
12,3,2,41.3435764444694
12,2,2,40.9563873534225
12,1,2,40.5675263197158
15,4,2,71.1492236341041
15,3,2,71.0068853915837
15,2,2,70.8899032189478
15,1,2,70.7969331287484
16,4,2,42.5210717266225
16,3,2,42.6056314089048
16,2,2,42.6825522284408
16,1,2,42.7514277188751
18,4,2,35.5254287719727
18,3,2,35.591007232666
18,2,2,35.639720916748
18,1,2,35.6713333129883
20,4,2,19.8763618469238
20,3,2,19.451566696167
20,2,2,19.0262870788574
20,1,2,18.615514755249
21,4,2,88.5445883406178
21,3,2,88.085308383892
21,2,2,87.6236017962969
21,1,2,87.1482480671637
23,4,2,54.167052758274
23,3,2,53.6226415210752
23,2,2,53.0663398797148
23,1,2,52.4985794475913
24,4,2,35.3100280761719
24,3,2,35.0373191833496
24,2,2,34.8177920826682
24,1,2,34.5812741977122
22,4,2,59.8652472486563
22,3,2,59.2458499408388
22,2,2,58.6141799655551
22,1,2,57.970305611505
25,4,2,42.586109161377
25,3,2,42.1568145751953
25,2,2,41.7271995544434
25,1,2,41.2976379394531
17,4,2,69.253269853051
17,3,2,68.951270615355
17,2,2,65.5593240167184
17,1,2,62.2120073583984
26,4,2,31.6502520105647
26,3,2,31.7338026039958
26,2,2,31.7931545274563
26,1,2,31.8324454433988
28,4,2,51.2687310234384
28,3,2,50.7434382961363
28,2,2,50.2198153156642
28,1,2,49.6977986242077
29,4,2,87.8160056703177
29,3,2,87.8159103393555
29,2,2,88.0142059326172
29,1,2,88.0451431274414
27,4,2,35.5077950709441
27,3,2,34.0903875831861
27,2,2,32.6404409096604
27,1,2,31.2407460933407
35,4,2,60.9657656537179
35,3,2,60.6417124737154
35,2,2,60.3030486171654
35,1,2,59.9083499302469
30,4,2,29.4239466316878
30,3,2,29.1731079210354
30,2,2,28.9185894345838
30,1,2,28.6604637105393
32,4,2,26.4468586077195
32,3,2,25.847015486705
32,2,2,25.2656728660325
32,1,2,24.7033626854883
36,4,2,32.3819234395234
36,3,2,32.1372836259918
36,2,2,31.8972245802342
36,1,2,31.6619153976179
33,4,2,52.9185627319946
33,3,2,51.6680350049622
33,2,2,50.4694791226856
33,1,2,49.3553973225913
34,4,2,39.5578893260494
34,3,2,39.6709610617726
34,2,2,39.7887571971735
34,1,2,39.9108848558771
31,4,2,15.899632938282
31,3,2,15.8338504946918
31,2,2,15.766154187056
31,1,2,15.6966173464742
37,4,2,46.1751725648784
37,3,2,45.5103554445325
37,2,2,44.8214248210559
37,1,2,44.1106769079132
38,4,2,16.3898280543236
38,3,2,16.3035606587493
38,2,2,16.2450424611665
38,1,2,16.2162595696064
39,4,2,56.541038793347
39,3,2,55.7325682057138
39,2,2,54.9232435340404
39,1,2,54.1130855192568
40,4,2,19.1213951786548
40,3,2,18.1953149858416
40,2,2,17.5020716539756
40,1,2,17.0742206053612
48,4,2,34.1881958841213
48,3,2,34.0914394628597
48,2,2,33.7624582408117
48,1,2,33.4264777958103
42,4,2,47.0553579909929
42,3,2,46.2747669629858
42,2,2,45.6020905341588
42,1,2,45.0398750539456
44,4,2,41.229411538771
44,3,2,40.7669565187099
44,2,2,40.3272406886245
44,1,2,39.8916422780075
45,4,2,45.942842729174
45,3,2,43.8618107408479
45,2,2,42.3515167236328
45,1,2,41.2593474250273
47,4,2,19.0769476614377
47,3,2,18.8092619601773
47,2,2,18.5459183719929
47,1,2,18.2868996493633
41,4,2,67.5218887329102
41,3,2,67.3915710449219
41,2,2,67.2606735229492
41,1,2,67.1306686401367
19,4,2,23.5278881746356
19,3,2,23.2660261759632
19,2,2,23.026850446568
19,1,2,22.8121644356992
43,4,2,43.2815632531296
43,3,2,43.094803568632
43,2,2,42.9386256186342
43,1,2,42.815069634181
46,4,2,63.2750973439347
46,3,2,63.2096349937231
46,2,2,63.1352327065742
46,1,2,63.0524024097034
50,4,2,40.1485878279739
50,3,2,39.7162551272934
50,2,2,39.2839506458368
50,1,2,38.8516767884103
51,4,2,68.0623356528248
51,3,2,67.8807907104492
51,2,2,67.7524643379101
51,1,2,67.4999542236328
49,4,2,31.7577303242916
49,3,2,31.2061566592472
49,2,2,30.6443077170742
49,1,2,30.0725108782502
52,4,2,25.6953567134098
52,3,2,24.9777856560427
52,2,2,24.1938503391826
52,1,2,22.7367659239271
53,4,2,42.3442476889162
53,3,2,41.9555104679652
53,2,2,41.5634741658525
53,1,2,41.1682266235825
54,4,2,34.0799460726314
54,3,2,33.5612641766874
54,2,2,33.1628075970801
54,1,2,32.9019343169941
2,4,8,-1.70053036291208
2,3,8,0.763177710914789
2,2,8,4.65572356315585
2,1,8,4.88306129688392
6,4,8,3.20017470604286
6,3,8,-0.404525595204191
6,2,8,4.24490803087248
6,1,8,4.92392485117456
3,4,8,3.33967342629693
3,3,8,1.77815106030278
3,2,8,6.35767909791932
3,1,8,7.19143372144946
5,4,8,5.95797670754024
5,3,8,3.9212287937935
5,2,8,4.32684561452976
5,1,8,5.79258484509867
4,4,8,7.20442475914267
4,3,8,-4.85132507409779
4,2,8,5.69714422072884
4,1,8,11.1029068737822
9,4,8,4.75031684122342
9,3,8,4.33712103020231
9,2,8,0.0810705153264877
9,1,8,-36.3919770983887
8,4,8,4.53579423678801
8,3,8,5.66695298703932
8,2,8,5.71981814509198
8,1,8,4.99552916130783
13,4,8,-8.68524343913786
13,3,8,0.415193061293763
13,2,8,6.64606540928447
13,1,8,-0.712434451876447
11,4,8,3.32039987961315
11,3,8,1.14747399397193
11,2,8,2.10666920560958
11,1,8,4.4661636979028
7,4,8,4.28071482662371
7,3,8,0.936026507808833
7,2,8,0.696666840118581
7,1,8,0.632136727385131
1,4,8,3.90000000017621
1,3,8,3.20000000089023
1,2,8,4.09999999866501
1,1,8,2.60000000061164
10,4,8,-4.12250332670322
10,3,8,3.30415979759636
10,2,8,2.06283074347695
10,1,8,2.83821524768997
14,4,8,7.17275963956332
14,3,8,7.19494942728191
14,2,8,9.37199994240375
14,1,8,10.7602131311256
12,4,8,0.393832798154563
12,3,8,6.35973756164829
12,2,8,7.30227750870263
12,1,8,9.62448879216879
15,4,8,7.1234323372872
15,3,8,7.30898563450799
15,2,8,7.19298728463697
15,1,8,
16,4,8,4.34664345555447
16,3,8,4.37201907790141
16,2,8,2.91591187985748
16,1,8,2.18546605362143
18,4,8,
18,3,8,
18,2,8,
18,1,8,
20,4,8,9.43348265981905
20,3,8,10.3924630141307
20,2,8,10.2574929627477
20,1,8,10.5822700502552
21,4,8,2.09144220829562
21,3,8,3.8788993950789
21,2,8,4.31496444107469
21,1,8,5.63869900338696
23,4,8,3.37346574966936
23,3,8,2.12075933817334
23,2,8,2.85624016330883
23,1,8,7.31252501678145
24,4,8,10.82062719659
24,3,8,3.82591056949435
24,2,8,3.69655311664086
24,1,8,3.94568708624053
22,4,8,1.94335965478776
22,3,8,4.0580738039996
22,2,8,-1.40738249510954
22,1,8,2.872768790327
25,4,8,5.4326782650304
25,3,8,6.1340893623123
25,2,8,0.964525745841428
25,1,8,3.25607190852087
17,4,8,-8.81641723219757
17,3,8,-9.11004114881537
17,2,8,0.415066301596866
17,1,8,-4.13319850131583
26,4,8,4.21351706814744
26,3,8,4.96772112759767
26,2,8,5.02011100232484
26,1,8,3.7978483925754
28,4,8,-1.5549586174878
28,3,8,-0.0185649695590939
28,2,8,0.701393100287518
28,1,8,8.68728781639683
29,4,8,-1.4909411172622
29,3,8,-0.842656252118843
29,2,8,-23.0428058282215
29,1,8,-17.9979615745681
27,4,8,3.60890731687714
27,3,8,3.12406678044546
27,2,8,1.71054990545476
27,1,8,1.79252555575545
35,4,8,0.52118550608968
35,3,8,4.34458297635238
35,2,8,2.7192440802029
35,1,8,4.12221286860944
30,4,8,3.99314606199499
30,3,8,3.13229807490305
30,2,8,3.33920311195367
30,1,8,2.30037622800727
32,4,8,6.00506308559498
32,3,8,6.23887890197454
32,2,8,6.50263878409685
32,1,8,3.29068742019345
36,4,8,4.69699024225795
36,3,8,7.3930936986377
36,2,8,7.70256844839309
36,1,8,6.57141389665537
33,4,8,1.26090923067225
33,3,8,5.37633924099251
33,2,8,4.27482328814457
33,1,8,4.1508131898954
34,4,8,3.8624682634
34,3,8,3.69055690369433
34,2,8,3.82696982009337
34,1,8,3.36040609974133
31,4,8,2.49999999914311
31,3,8,2.80000000003355
31,2,8,5.62527000105139
31,1,8,5.41034999817167
37,4,8,0.0337944502063294
37,3,8,4.26417453763675
37,2,8,6.09251915977956
37,1,8,5.61471962254485
38,4,8,5.74089315058157
38,3,8,4.39264883207291
38,2,8,6.64213665495603
38,1,8,5.31513063394726
39,4,8,-1.61686894906509
39,3,8,2.65269329543001
39,2,8,6.30971865525431
39,1,8,6.67133539306167
40,4,8,5.97074525431094
40,3,8,8.8568555974538
40,2,8,6.16716615166932
40,1,8,4.71984856978263
48,4,8,3.46764218409288
48,3,8,1.91017689052751
48,2,8,4.66137954229873
48,1,8,1.95514463302422
42,4,8,6.35606857181878
42,3,8,6.36704365066983
42,2,8,6.22407443790986
42,1,8,2.41238527605579
44,4,8,6.43743652764257
44,3,8,-4.36333262093788
44,2,8,-7.81501512457241
44,1,8,14.6633238075229
45,4,8,7.03487260042048
45,3,8,10.4621881235166
45,2,8,8.97800590573206
45,1,8,10.9592986164747
47,4,8,
47,3,8,-10.7933646271143
47,2,8,3.37364847715736
47,1,8,13.1297311406943
41,4,8,5.17682468684113
41,3,8,1.5397042826735
41,2,8,4.90621048664867
41,1,8,5.11967735428513
19,4,8,2.94916821059911
19,3,8,1.70425806017289
19,2,8,2.05738179246586
19,1,8,4.09458522119226
43,4,8,12.1175272453913
43,3,8,8.9140088750469
43,2,8,4.0636918123521
43,1,8,1.25373496242949
46,4,8,0.664552307858116
46,3,8,1.32186223678229
46,2,8,1.41382645223793
46,1,8,2.48546800826588
50,4,8,4.21490387414525
50,3,8,5.4680413807304
50,2,8,5.63323739145223
50,1,8,5.82425069283059
51,4,8,1.117231963992
51,3,8,0.967834205635981
51,2,8,3.09032803070775
51,1,8,2.42993096446429
49,4,8,6.86711619644551
49,3,8,6.16062877406682
49,2,8,6.73246186832483
49,1,8,6.78158560065316
52,4,8,4.78100029254482
52,3,8,5.18785986002466
52,2,8,5.10630732539796
52,1,8,3.58690582623025
53,4,8,3.75510031678988
53,3,8,2.92037511217961
53,2,8,4.69328316376705
53,1,8,5.05753695047252
54,4,8,0.75579405855224
54,3,8,1.77985356392176
54,2,8,2.37698561663417
54,1,8,1.98948554025198
2,4,10,2051.81462126253
2,3,10,3641.72893919944
2,2,10,5649.68762469139
2,1,10,5688.57916215215
6,4,10,232.937812100153
6,3,10,254.402585226788
6,2,10,250.544492155185
6,1,10,234.844770150871
3,4,10,1010.5338961993
3,3,10,1002.41886879614
3,2,10,1204.39918670094
3,1,10,1168.92699279226
5,4,10,663.742364842886
5,3,10,630.124750752312
5,2,10,764.861675106225
5,1,10,759.762065168498
4,4,10,6749.05994339013
4,3,10,6141.20394726616
4,2,10,7122.36423421503
4,1,10,6666.91219583487
9,4,10,387.176203444318
9,3,10,366.322853938121
9,2,10,409.8504859647
9,1,10,364.36696260838
8,4,10,1441.7201725688
8,3,10,1415.00009710569
8,2,10,1649.4433905949
8,1,10,1575.92882118897
13,4,10,2093.10728558843
13,3,10,2439.35189403696
13,2,10,3601.2365808718
13,1,10,3697.41705884249
11,4,10,1365.48403444497
11,3,10,1329.37048235986
11,2,10,1615.71723662012
11,1,10,1603.32797107303
7,4,10,3608.96605234906
7,3,10,3415.06266730931
7,2,10,3985.60706548134
7,1,10,3960.97596791345
1,4,10,4424.98529027556
1,3,10,4685.05902729002
1,2,10,6094.69392314956
1,1,10,5979.60138960585
10,4,10,861.831767630746
10,3,10,993.990730610869
10,2,10,1278.78981422494
10,1,10,1304.88742971475
14,4,10,1862.59597081287
14,3,10,1814.71855088017
14,2,10,1991.36539423404
14,1,10,1786.15862031324
12,4,10,459.765036590388
12,3,10,495.826633014883
12,2,10,489.175952097319
12,1,10,460.370334930107
15,4,10,2510.4300076241
15,3,10,2376.12554719873
15,2,10,2214.62084142432
15,1,10,2075.94498424748
16,4,10,3270.6287768197
16,3,10,3306.98159414141
16,2,10,3133.39102265541
16,1,10,3025.52563552448
18,4,10,
18,3,10,
18,2,10,
18,1,10,
20,4,10,641.651523286233
20,3,10,597.912113218663
20,2,10,549.986577082588
20,1,10,484.039833104062
21,4,10,6677.07003901644
21,3,10,7047.12654634355
21,2,10,9201.36276648105
21,1,10,9197.70106323947
23,4,10,1912.47991339951
23,3,10,1722.77282833606
23,2,10,1949.90832923846
23,1,10,2294.79584693743
24,4,10,711.996509782316
24,3,10,747.356966759448
24,2,10,765.146999389279
24,1,10,748.455020824734
22,4,10,650.056501323611
22,3,10,619.536364296461
22,2,10,568.00453558864
22,1,10,653.862713272743
25,4,10,679.665386626818
25,3,10,645.066837207039
25,2,10,652.022501029449
25,1,10,654.304534409417
17,4,10,7453.19797948517
17,3,10,9068.91003238645
17,2,10,15548.6624656619
17,1,10,16304.0713196418
26,4,10,1554.12610314423
26,3,10,1489.11959777284
26,2,10,1482.81566253497
26,1,10,1370.87885214659
28,4,10,714.613063145659
28,3,10,692.590082351257
28,2,10,706.714490064507
28,1,10,710.744570927863
29,4,10,7525.80299308216
29,3,10,7458.48917756374
29,2,10,8926.42074591474
29,1,10,11951.7134126011
27,4,10,992.491840678465
27,3,10,1121.19851342518
27,2,10,1173.5377928819
27,1,10,1151.03735837227
35,4,10,3140.85546875
35,3,10,3146.24780273438
35,2,10,3435.40698242188
35,1,10,3379.7431640625
30,4,10,453.970714522463
30,3,10,445.320069480568
30,2,10,505.684922503435
30,1,10,515.301589361832
32,4,10,872.468587171653
32,3,10,838.11986940103
32,2,10,947.915033288325
32,1,10,901.920957644831
36,4,10,441.489734819071
36,3,10,610.563774706589
36,2,10,697.142680444123
36,1,10,686.505672517351
33,4,10,1565.76575722696
33,3,10,1554.94897871782
33,2,10,1713.00865264234
33,1,10,1934.24103064714
34,4,10,10095.1225574156
34,3,10,9630.5437837507
34,2,10,10490.3315563853
34,1,10,9877.13865958834
31,4,10,450.506105510719
31,3,10,539.605363240686
31,2,10,529.5133440206
31,1,10,496.947368267313
37,4,10,4395.68776162376
37,3,10,4774.10650865775
37,2,10,5378.32326241205
37,1,10,5346.62131149967
38,4,10,502.706475406446
38,3,10,485.662574175279
38,2,10,565.30989731175
38,1,10,552.103334363117
39,4,10,2070.4127339595
39,3,10,2585.73360671797
39,2,10,3088.72131316169
39,1,10,2872.79083379398
40,4,10,729.519133812945
40,3,10,733.998629882494
40,2,10,724.957526520906
40,1,10,704.92421851123
48,4,10,1033.21594238281
48,3,10,1292.37963867188
48,2,10,1275.43835449219
48,1,10,1138.62780761719
42,4,10,1266.43957151587
42,3,10,1218.00613555438
42,2,10,1398.89137601382
42,1,10,1379.83196553924
44,4,10,844.416411175476
44,3,10,964.575980888989
44,2,10,1117.7586465721
44,1,10,1117.47183075115
45,4,10,460.928490585175
45,3,10,445.583080073396
45,2,10,429.431656725102
45,1,10,393.398703952979
47,4,10,
47,3,10,1080.14718624765
47,2,10,1242.73450181032
47,1,10,1650.18943353528
41,4,10,1434.87018050521
41,3,10,1298.10946596396
41,2,10,1489.67633417608
41,1,10,1382.5757842916
19,4,10,3238.17611961364
19,3,10,3419.82276559528
19,2,10,3771.07228381938
19,1,10,3949.94310039907
43,4,10,16566.9946042294
43,3,10,15333.1051727105
43,2,10,15188.1902175113
43,1,10,14821.2921476077
46,4,10,5651.20585165749
46,3,10,6112.27382485974
46,2,10,6856.73137092522
46,1,10,7331.65467384919
50,4,10,772.581357620609
50,3,10,751.051987587248
50,2,10,855.584809246574
50,1,10,826.542799987227
51,4,10,3847.80354448809
51,3,10,4014.94773686432
51,2,10,4458.97895464547
51,1,10,4369.79345826358
49,4,10,953.0107421875
49,3,10,939.127319335938
49,2,10,1022.74841308594
49,1,10,963.05712890625
52,4,10,752.696571725656
52,3,10,862.934610355811
52,2,10,896.054795546394
52,1,10,818.285427416713
53,4,10,1239.08527877713
53,3,10,1295.87788680068
53,2,10,1707.48573136694
53,1,10,1820.71854827391
54,4,10,1408.13945253431
54,3,10,1387.12632595026
54,2,10,1372.91526173161
54,1,10,1362.99498323368
2,4,9,30.6944150806719
2,3,9,9.35597215533784
2,2,9,7.28038730361121
2,1,9,8.77781429332624
6,4,9,5.55768961400965
6,3,9,5.54468891259779
6,2,9,4.40535234185293
6,1,9,7.93795807492418
3,4,9,-0.793310145785624
3,3,9,0.218785923536245
3,2,9,-0.548757550948181
3,1,9,0.428888888888884
5,4,9,0.441041448058809
5,3,9,0.724838981070517
5,2,9,-0.258089517535291
5,1,9,0.533738507090536
4,4,9,2.81495791361944
4,3,9,3.06203169580558
4,2,9,4.40225309243427
4,1,9,5.88460707056817
9,4,9,4.94543276106518
9,3,9,1.40297017136816
9,2,9,14.898684179755
9,1,9,6.98879341970198
8,4,9,0.874190383288856
8,3,9,2.676235314199
8,2,9,1.85489850366777
8,1,9,2.05034718001741
13,4,9,3.19056179723773
13,3,9,3.16909796750829
13,2,9,0.912139545450097
13,1,9,4.63161619729461
11,4,9,0.797517430888487
11,3,9,-0.11717388419007
11,2,9,7.54755379096711
11,1,9,-4.29487331536756
7,4,9,-1.40781637091706
7,3,9,0.131187999024545
7,2,9,-0.238778144990624
7,1,9,1.50654285701407
1,4,9,6.39769480268757
1,3,9,4.78444700693889
1,2,9,2.91692692067458
1,1,9,3.25423910998847
10,4,9,-0.792440525236102
10,3,9,4.37712665065654
10,2,9,1.6819731392567
10,1,9,0.222671564624551
14,4,9,0.723178457513308
14,3,9,1.25149954781468
14,2,9,0.448682076766141
14,1,9,2.58117037252936
12,4,9,2.88585107289988
12,3,9,0.74419899478147
12,2,9,1.24303889760803
12,1,9,0.808223101487111
15,4,9,2.73841208738755
15,3,9,-0.847389733971996
15,2,9,1.34186494340157
15,1,9,2.70603242872182
16,4,9,13.813606214829
16,3,9,10.370490343517
16,2,9,10.0702154687481
16,1,9,9.46971981064921
18,4,9,
18,3,9,
18,2,9,
18,1,9,
20,4,9,6.62813337230924
20,3,9,9.56889955968623
20,2,9,6.89001951597192
20,1,9,7.46402192944517
21,4,9,2.10670712784054
21,3,9,-0.338795188753406
21,2,9,4.69045751826284
21,1,9,0.505441058915615
23,4,9,17.4546347070868
23,3,9,17.1499695007878
23,2,9,15.4896160333318
23,1,9,11.6661923071729
24,4,9,8.17268112275132
24,3,9,11.7800825029834
24,2,9,6.1505055670642
24,1,9,11.8875884481828
22,4,9,7.22879272057922
22,3,9,6.8084549457961
22,2,9,5.94799935696626
22,1,9,5.69912989637382
25,4,9,1.50312055861088
25,3,9,1.47672048910485
25,2,9,-1.50924460570494
25,1,9,1.20712555668405
17,4,9,1.41193915479015
17,3,9,1.67663085315988
17,2,9,4.30999866149107
17,1,9,2.94887694639662
26,4,9,6.29724953814625
26,3,9,6.58215429284779
26,2,9,6.87815499275949
26,1,9,5.71749357037733
28,4,9,8.83424868336488
28,3,9,7.74869687621322
28,2,9,9.86111285574904
28,1,9,7.577306817414
29,4,9,25.8538742124461
29,3,9,10.4022933588151
29,2,9,2.43294141599225
29,1,9,2.60581802719517
27,4,9,6.59650490696543
27,3,9,3.21844513655931
27,2,9,5.37028961008587
27,1,9,4.86511899496385
35,4,9,1.63531114327064
35,3,9,1.5579071134626
35,2,9,0.442310053557048
35,1,9,1.88065466724086
30,4,9,6.03575858154679
30,3,9,7.40419174202129
30,2,9,6.08040811088302
30,1,9,5.8264294445198
32,4,9,-1.79964707083386
32,3,9,1.45069057605961
32,2,9,0.883814547137841
32,1,9,-0.606736356351563
36,4,9,17.4180418197597
36,3,9,3.55075967356746
36,2,9,2.55974875844295
36,1,9,4.26135250941963
33,4,9,1.47171045650004
33,3,9,3.25472688117631
33,2,9,3.53436856147324
33,1,9,4.12910173783393
34,4,9,0.977675134718965
34,3,9,1.28654970760232
34,2,9,3.21769191994684
34,1,9,3.54329573934839
31,4,9,21.7111132136499
31,3,9,21.8673475542553
31,2,9,23.7920649469687
31,1,9,27.2833333333334
37,4,9,6.72858234593338
37,3,9,3.39401538410559
37,2,9,5.35016966859602
37,1,9,5.60092502290401
38,4,9,1.65388922387806
38,3,9,-0.576090369833189
38,2,9,-0.930287259984466
38,1,9,2.29723114955317
39,4,9,15.6968126387972
39,3,9,9.00943498007706
39,2,9,8.04741087967907
39,1,9,8.49551838265669
40,4,9,7.17434301982009
40,3,9,2.52850284192421
40,2,9,2.35449052820358
40,1,9,5.92426867984854
48,4,9,17.750253831196
48,3,9,16.9095706050977
48,2,9,36.9066427863595
48,1,9,36.5223449139154
42,4,9,0.837284942557434
42,3,9,0.135211933635165
42,2,9,-1.09025507446895
42,1,9,0.710245486695176
44,4,9,10.8860609413903
44,3,9,6.68943562498681
44,2,9,4.63931171409667
44,1,9,5.52412877994266
45,4,9,
45,3,9,
45,2,9,
45,1,9,
47,4,9,379.999585624026
47,3,9,52.7663304192143
47,2,9,1.6742990629552
47,1,9,-0.0580909784225664
41,4,9,5.43051966119156
41,3,9,5.24587835022454
41,2,9,6.99849943966421
41,1,9,8.10583270875476
19,4,9,7.8472745908568
19,3,9,4.95124493704919
19,2,9,5.68134885776447
19,1,9,5.62130623468948
43,4,9,-1.01548191697626
43,3,9,4.04194410725617
43,2,9,1.38583454581263
43,1,9,4.33893848329099
46,4,9,6.60290842394872
46,3,9,4.51869094892506
46,2,9,6.13282953059149
46,1,9,5.78016910069176
50,4,9,1.28544847051417
50,3,9,2.58500390801595
50,2,9,0.19087507624975
50,1,9,1.82539475909162
51,4,9,3.62939937384381
51,3,9,4.437371273215
51,2,9,4.62555099534031
51,1,9,5.31623531326689
49,4,9,5.17476629301493
49,3,9,5.58816952959298
49,2,9,6.13161432988012
49,1,9,7.87072364573959
52,4,9,5.70637504616212
52,3,9,5.58968606251725
52,2,9,3.07570668958641
52,1,9,4.90520875694557
53,4,9,17.8697300795268
53,3,9,10.1105928909618
53,2,9,7.80687553566333
53,1,9,6.97767605490307
54,4,9,-1.54366960054161
54,3,9,-2.43096842383404
54,2,9,-0.19778481012661
54,1,9,1.63495041543822
2,4,6,73.697
2,3,6,73.933
2,2,6,74.167
2,1,6,74.4
6,4,6,81.001
6,3,6,80.778
6,2,6,80.46
6,1,6,80.235
3,4,6,72.597
3,3,6,72.007
3,2,6,71.412
3,1,6,70.81
5,4,6,73.267
5,3,6,73.531
5,2,6,73.793
5,1,6,74.052
4,4,6,56.68
4,3,6,56.288
4,2,6,55.889
4,1,6,55.432
9,4,6,65.301
9,3,6,65.301
9,2,6,65.391
9,1,6,65.549
8,4,6,64.23
8,3,6,65.628
8,2,6,67.006
8,1,6,67.885
13,4,6,66.471
13,3,6,66.526
13,2,6,66.62
13,1,6,66.742
11,4,6,36.845
11,3,6,34.778
11,2,6,32.729
11,1,6,32.711
7,4,6,51.941
7,3,6,51.843
7,2,6,51.743
7,1,6,51.641
1,4,6,15.031
1,3,6,15.258
1,2,6,15.256
1,1,6,15.036
10,4,6,49.821
10,3,6,50.481
10,2,6,51.14
10,1,6,51.799
14,4,6,58.173
14,3,6,59.228
14,2,6,60.285
14,1,6,61.354
12,4,6,61.662
12,3,6,61.84
12,2,6,62.049
12,1,6,62.255
15,4,6,17.959
15,3,6,17.785
15,2,6,17.627
15,1,6,17.485
16,4,6,23.072
16,3,6,22.813
16,2,6,23.166
16,1,6,23.012
18,4,6,73.273
18,3,6,73.372
18,2,6,73.475
18,1,6,73.559
20,4,6,68.148
20,3,6,70.185
20,2,6,72.219
20,1,6,74.251
21,4,6,41.649
21,3,6,41.453
21,2,6,41.208
21,1,6,40.925
23,4,6,64.013
23,3,6,65.049
23,2,6,66.096
23,1,6,67.132
24,4,6,45.954
24,3,6,47.185
24,2,6,48.414
24,1,6,49.638
22,4,6,44.377
22,3,6,44.465
22,2,6,44.404
22,1,6,44.75
25,4,6,56.189
25,3,6,56.11
25,2,6,56.042
25,1,6,55.987
17,4,6,53.745
17,3,6,53.596
17,2,6,53.404
17,1,6,53.176
26,4,6,71.417
26,3,6,71.356
26,2,6,71.295
26,1,6,71.235
28,4,6,71.953
28,3,6,71.923
28,2,6,71.905
28,1,6,71.908
29,4,6,34.111
29,3,6,34.132
29,2,6,34.135
29,1,6,34.07
27,4,6,53.146
27,3,6,54.532
27,2,6,55.91
27,1,6,57.277
35,4,6,23.275
35,3,6,24.362
35,2,6,24.779
35,1,6,24.718
30,4,6,83.137
30,3,6,83.249
30,2,6,83.414
30,1,6,83.566
32,4,6,59.554
32,3,6,61.216
32,2,6,60.137
32,1,6,60.158
36,4,6,78.041
36,3,6,78.143
36,2,6,79.107
36,1,6,80.04
33,4,6,26.447
33,3,6,26.679
33,2,6,26.909
33,1,6,27.139
34,4,6,45.414
34,3,6,46.371
34,2,6,45.217
34,1,6,44.956
31,4,6,60.514
31,3,6,62.23
31,2,6,63.917
31,1,6,65.572
37,4,6,55.497
37,3,6,56.351
37,2,6,57.204
37,1,6,58.57
38,4,6,61.334
38,3,6,61.705
38,2,6,62.074
38,1,6,64.262
39,4,6,75.887
39,3,6,75.759
39,2,6,75.662
39,1,6,75.766
40,4,6,54.612
40,3,6,54.516
40,2,6,54.433
40,1,6,54.357
48,4,6,22.088
48,3,6,23.304
48,2,6,24.517
48,1,6,25.747
42,4,6,38.726
42,3,6,34.06
42,2,6,33.969
42,1,6,33.886
44,4,6,53.87
44,3,6,55.091
44,2,6,56.307
44,1,6,57.303
45,4,6,20.967
45,3,6,20.942
45,2,6,20.918
45,1,6,20.893
47,4,6,71.609
47,3,6,71.806
47,2,6,71.999
47,1,6,72.196
41,4,6,22.844
41,3,6,22.768
41,2,6,22.731
41,1,6,22.728
19,4,6,46.965
19,3,6,46.819
19,2,6,46.666
19,1,6,46.531
43,4,6,
43,3,6,
43,2,6,
43,1,6,
46,4,6,47.74
46,3,6,47.716
46,2,6,46.492
46,1,6,46.273
50,4,6,55.686
50,3,6,55.644
50,2,6,55.609
50,1,6,55.585
51,4,6,26.647
51,3,6,26.072
51,2,6,25.733
51,1,6,25.447
49,4,6,80.164
49,3,6,80.123
49,2,6,80.089
49,1,6,81.098
52,4,6,71.587
52,3,6,73.722
52,2,6,75.641
52,1,6,81.909
53,4,6,51.893
53,3,6,51.787
53,2,6,51.691
53,1,6,51.61
54,4,6,60.441
54,3,6,60.384
54,2,6,60.359
54,1,6,60.373
2,4,7,78.212
2,3,7,78.556
2,2,7,78.897
2,1,7,79.235
6,4,7,78.805
6,3,7,78.151
6,2,7,77.359
6,1,7,77.389
3,4,7,75.27
3,3,7,75.068
3,2,7,74.865
3,1,7,74.662
5,4,7,83.711
5,3,7,83.95
5,2,7,84.185
5,1,7,84.416
4,4,7,68.391
4,3,7,68.272
4,2,7,68.154
4,1,7,67.986
9,4,7,82.359
9,3,7,82.365
9,2,7,81.946
9,1,7,81.295
8,4,7,76.334
8,3,7,76.782
8,2,7,77.287
8,1,7,78.558
13,4,7,69.84
13,3,7,69.71
13,2,7,69.487
13,1,7,69.199
11,4,7,58.698
11,3,7,57.61
11,2,7,56.484
11,1,7,55.922
7,4,7,66.307
7,3,7,66.405
7,2,7,66.503
7,1,7,66.6
1,4,7,68.384
1,3,7,68.389
1,2,7,68.641
1,1,7,69.345
10,4,7,72.436
10,3,7,72.84
10,2,7,73.24
10,1,7,73.638
14,4,7,75.036
14,3,7,74.253
14,2,7,73.469
14,1,7,72.695
12,4,7,68.497
12,3,7,68.854
12,2,7,69.134
12,1,7,69.421
15,4,7,47.372
15,3,7,47.855
15,2,7,48.298
15,1,7,48.699
16,4,7,70.045
16,3,7,70.97
16,2,7,72.86
16,1,7,73.643
18,4,7,85.281
18,3,7,85.435
18,2,7,85.118
18,1,7,85.469
20,4,7,84.713
20,3,7,85.901
20,2,7,87.108
20,1,7,88.332
21,4,7,59.346
21,3,7,58.985
21,2,7,58.698
21,1,7,58.442
23,4,7,72.185
23,3,7,73.527
23,2,7,74.91
23,1,7,76.247
24,4,7,64.766
24,3,7,64.91
24,2,7,65.045
24,1,7,65.169
22,4,7,51.329
22,3,7,51.327
22,2,7,51.432
22,1,7,51.218
25,4,7,70.479
25,3,7,70.731
25,2,7,70.953
25,1,7,71.145
17,4,7,67.482
17,3,7,67.293
17,2,7,66.987
17,1,7,66.587
26,4,7,77.454
26,3,7,77.28
26,2,7,77.105
26,1,7,76.93
28,4,7,82.078
28,3,7,82.169
28,2,7,82.229
28,1,7,82.225
29,4,7,64.093
29,3,7,64.077
29,2,7,64.013
29,1,7,63.872
27,4,7,70.704
27,3,7,71.827
27,2,7,72.921
27,1,7,73.986
35,4,7,69.688
35,3,7,70.472
35,2,7,71.273
35,1,7,71.87
30,4,7,88.539
30,3,7,88.851
30,2,7,88.921
30,1,7,88.985
32,4,7,80.01
32,3,7,79.758
32,2,7,80.934
32,1,7,80.877
36,4,7,80.135
36,3,7,80.094
36,2,7,80.425
36,1,7,80.754
33,4,7,58.278
33,3,7,59.043
33,2,7,59.802
33,1,7,60.556
34,4,7,73.819
34,3,7,74.256
34,2,7,74.693
34,1,7,74.449
31,4,7,70.384
31,3,7,72.125
31,2,7,73.803
31,1,7,75.418
37,4,7,65.856
37,3,7,65.328
37,2,7,64.797
37,1,7,65.144
38,4,7,84.585
38,3,7,84.671
38,2,7,84.758
38,1,7,86.782
39,4,7,85.748
39,3,7,85.782
39,2,7,85.829
39,1,7,85.89
40,4,7,67.135
40,3,7,67.431
40,2,7,67.692
40,1,7,67.937
48,4,7,65.893
48,3,7,66.868
48,2,7,67.857
48,1,7,68.797
42,4,7,61.796
42,3,7,57.266
42,2,7,58.444
42,1,7,59.624
44,4,7,57.041
44,3,7,57.326
44,2,7,57.609
44,1,7,58.512
45,4,7,47.563
45,3,7,47.635
45,2,7,47.709
45,1,7,47.786
47,4,7,76.502
47,3,7,75.967
47,2,7,75.466
47,1,7,74.975
41,4,7,25.072
41,3,7,25.248
41,2,7,25.335
41,1,7,25.344
19,4,7,55.645
19,3,7,56.087
19,2,7,56.563
19,1,7,57.002
43,4,7,
43,3,7,
43,2,7,
43,1,7,
46,4,7,62.386
46,3,7,62.146
46,2,7,60.88
46,1,7,60.665
50,4,7,60.527
50,3,7,60.631
50,2,7,60.716
50,1,7,60.777
51,4,7,69.601
51,3,7,69.7
51,2,7,70.248
51,1,7,70.815
49,4,7,87.813
49,3,7,87.96
49,2,7,88.075
49,1,7,88.274
52,4,7,76.072
52,3,7,77.539
52,2,7,78.849
52,1,7,87.274
53,4,7,65.72
53,3,7,66.024
53,2,7,66.296
53,1,7,66.539
54,4,7,72.924
54,3,7,73.142
54,2,7,73.248
54,1,7,73.218
2,4,4,17.368
2,3,4,17.51
2,2,4,17.648
2,1,4,17.985
6,4,4,1.067
6,3,4,1.102
6,2,4,1.153
6,1,4,1.152
3,4,4,1.735
3,3,4,1.731
3,2,4,1.743
3,1,4,1.898
5,4,4,4.648
5,3,4,4.582
5,2,4,4.426
5,1,4,4.283
4,4,4,21.84
4,3,4,21.608
4,2,4,21.353
4,1,4,21.224
9,4,4,6.499
9,3,4,6.518
9,2,4,6.409
9,1,4,6.393
8,4,4,4.052
8,3,4,4.035
8,2,4,4.049
8,1,4,4.269
13,4,4,21.614
13,3,4,21.322
13,2,4,20.981
13,1,4,21.133
11,4,4,4.699
11,3,4,4.592
11,2,4,4.525
11,1,4,4.495
7,4,4,12.559
7,3,4,12.342
7,2,4,12.056
7,1,4,11.717
1,4,4,18.76
1,3,4,16.742
1,2,4,15.726
1,1,4,16.557
10,4,4,0.719
10,3,4,0.677
10,2,4,0.641
10,1,4,0.616
14,4,4,2.352
14,3,4,3.154
14,2,4,3.98
14,1,4,5.122
12,4,4,3.638
12,3,4,3.572
12,2,4,3.568
12,1,4,3.593
15,4,4,35.928
15,3,4,36.115
15,2,4,36.317
15,1,4,36.366
16,4,4,23.507
16,3,4,24.68
16,2,4,23.915
16,1,4,24.091
18,4,4,6.458
18,3,4,6.474
18,2,4,6.391
18,1,4,6.432
20,4,4,3.426
20,3,4,3.251
20,2,4,3.117
20,1,4,2.95
21,4,4,28.65
21,3,4,28.395
21,2,4,28.285
21,1,4,28.079
23,4,4,5.188
23,3,4,6.571
23,2,4,4.407
23,1,4,2.381
24,4,4,4.472
24,3,4,4.404
24,2,4,4.128
24,1,4,4.031
22,4,4,6.565
22,3,4,8.187
22,2,4,9.786
22,1,4,11.719
25,4,4,2.792
25,3,4,2.815
25,2,4,2.91
25,1,4,2.819
17,4,4,8.729
17,3,4,8.758
17,2,4,8.694
17,1,4,8.772
26,4,4,2.94
26,3,4,2.945
26,2,4,2.95
26,1,4,2.945
28,4,4,2.335
28,3,4,2.047
28,2,4,1.785
28,1,4,1.874
29,4,4,25.721
29,3,4,25.882
29,2,4,25.426
29,1,4,25.453
27,4,4,18.246
27,3,4,18.328
27,2,4,18.144
27,1,4,17.979
35,4,4,10.693
35,3,4,10.415
35,2,4,10.287
35,1,4,9.572
30,4,4,1.998
30,3,4,1.801
30,2,4,1.406
30,1,4,1.02
32,4,4,1.298
32,3,4,1.331
32,2,4,1.392
32,1,4,1.427
36,4,4,3.935
36,3,4,3.669
36,2,4,3.537
36,1,4,3.423
33,4,4,11.782
33,3,4,11.881
33,2,4,12.099
33,1,4,12.294
34,4,4,10.501
34,3,4,10.765
34,2,4,10.902
34,1,4,11.23
31,4,4,5.924
31,3,4,5.855
31,2,4,5.869
31,1,4,5.878
37,4,4,25.021
37,3,4,22.552
37,2,4,20.382
37,1,4,20.704
38,4,4,0.452
38,3,4,0.452
38,2,4,0.427
38,1,4,1.889
39,4,4,4.173
39,3,4,3.815
39,2,4,3.573
39,1,4,3.37
40,4,4,12.555
40,3,4,12.602
40,2,4,12.609
40,1,4,12.539
48,4,4,24.203
48,3,4,25.377
48,2,4,27.031
48,1,4,28.4
42,4,4,4.763
42,3,4,7.325
42,2,4,6.334
42,1,4,5.413
44,4,4,3.165
44,3,4,3.546
44,2,4,3.84
44,1,4,3.55
45,4,4,24.132
45,3,4,23.99
45,2,4,24.122
45,1,4,24.202
47,4,4,14.057
47,3,4,13.641
47,2,4,13.742
47,1,4,13.848
41,4,4,10.44
41,3,4,12.014
41,2,4,13.514
41,1,4,15.257
19,4,4,24.493
19,3,4,25.337
19,2,4,25.961
19,1,4,26.721
43,4,4,
43,3,4,
43,2,4,
43,1,4,
46,4,4,28.948
46,3,4,27.492
46,2,4,26.983
46,1,4,26.486
50,4,4,2.223
50,3,4,1.687
50,2,4,1.671
50,1,4,1.66
51,4,4,23.501
51,3,4,22.236
51,2,4,21.57
51,1,4,23.056
49,4,4,2.531
49,3,4,2.593
49,2,4,2.701
49,1,4,3.785
52,4,4,3.519
52,3,4,3.209
52,2,4,2.898
52,1,4,2.451
53,4,4,5.451
53,3,4,6.105
53,2,4,6.673
53,1,4,7.306
54,4,4,5.993
54,3,4,5.655
54,2,4,5.182
54,1,4,5.43
2,4,5,15.784
2,3,5,15.445
2,2,5,15.111
2,1,5,14.961
6,4,5,1.655
6,3,5,1.822
6,2,5,2.024
6,1,5,2.048
3,4,5,1.932
3,3,5,2.039
3,2,5,2.158
3,1,5,2.491
5,4,5,4.553
5,3,5,4.371
5,2,5,4.098
5,1,5,3.843
4,4,5,17.193
4,3,5,16.628
4,2,5,16.05
4,1,5,15.575
9,4,5,5.176
9,3,5,5.125
9,2,5,4.955
9,1,5,4.843
8,4,5,3.081
8,3,5,3.068
8,2,5,3.079
8,1,5,3.172
13,4,5,19.034
13,3,5,18.765
13,2,5,18.451
13,1,5,18.592
11,4,5,3.746
11,3,5,3.687
11,2,5,3.663
11,1,5,3.671
7,4,5,11.719
7,3,5,11.6
7,2,5,11.405
7,1,5,11.153
1,4,5,8.407
1,3,5,10.029
1,2,5,9.039
1,1,5,8.431
10,4,5,1.351
10,3,5,1.283
10,2,5,1.228
10,1,5,1.198
14,4,5,1.561
14,3,5,2.133
14,2,5,2.724
14,1,5,3.558
12,4,5,5.355
12,3,5,5.247
12,2,5,5.241
12,1,5,5.281
15,4,5,22.089
15,3,5,22.207
15,2,5,22.334
15,1,5,22.363
16,4,5,8.83
16,3,5,9.341
16,2,5,9.697
16,1,5,9.766
18,4,5,5.142
18,3,5,5.089
18,2,5,4.942
18,1,5,4.88
20,4,5,1.845
20,3,5,1.772
20,2,5,1.724
20,1,5,1.655
21,4,5,14.477
21,3,5,14.342
21,2,5,14.284
21,1,5,14.176
23,4,5,5.318
23,3,5,7.018
23,2,5,4.401
23,1,5,1.987
24,4,5,5.402
24,3,5,5.739
24,2,5,5.788
24,1,5,5.704
22,4,5,5.956
22,3,5,6.363
22,2,5,6.762
22,1,5,7.398
25,4,5,3.435
25,3,5,3.468
25,2,5,3.604
25,1,5,3.473
17,4,5,7.173
17,3,5,7.117
17,2,5,6.972
17,1,5,6.923
26,4,5,2.585
26,3,5,2.59
26,2,5,2.595
26,1,5,2.59
28,4,5,3.755
28,3,5,3.017
28,2,5,2.344
28,1,5,2.266
29,4,5,16.395
29,3,5,16.52
29,2,5,16.163
29,1,5,16.182
27,4,5,14.399
27,3,5,14.468
27,2,5,14.316
27,1,5,14.179
35,4,5,8.837
35,3,5,9.132
35,2,5,9.497
35,1,5,9.112
30,4,5,1.903
30,3,5,1.77
30,2,5,1.366
30,1,5,0.972
32,4,5,1.417
32,3,5,1.459
32,2,5,1.538
32,1,5,1.584
36,4,5,3.334
36,3,5,3.154
36,2,5,3.196
36,1,5,3.257
33,4,5,9.54
33,3,5,9.22
33,2,5,8.999
33,1,5,8.759
34,4,5,4.559
34,3,5,5.323
34,2,5,5.393
34,1,5,4.964
31,4,5,4.154
31,3,5,4.101
31,2,5,4.112
31,1,5,4.12
37,4,5,21.819
37,3,5,19.131
37,2,5,16.719
37,1,5,17.371
38,4,5,0.618
38,3,5,0.629
38,2,5,0.593
38,1,5,1.048
39,4,5,4.785
39,3,5,4.412
39,2,5,4.186
39,1,5,4.01
40,4,5,11.097
40,3,5,11.141
40,2,5,11.147
40,1,5,11.082
48,4,5,9.963
48,3,5,10.391
48,2,5,11.024
48,1,5,11.534
42,4,5,4.257
42,3,5,6.408
42,2,5,5.557
42,1,5,4.774
44,4,5,5.168
44,3,5,5.409
44,2,5,5.522
44,1,5,5.211
45,4,5,16.13
45,3,5,16.03
45,2,5,16.123
45,1,5,16.178
47,4,5,11.655
47,3,5,11.288
47,2,5,11.377
47,1,5,11.471
41,4,5,8.986
41,3,5,9.29
41,2,5,9.529
41,1,5,9.94
19,4,5,21.098
19,3,5,21.695
19,2,5,22.089
19,1,5,22.597
43,4,5,
43,3,5,
43,2,5,
43,1,5,
46,4,5,24.506
46,3,5,23.172
46,2,5,23.117
46,1,5,22.924
50,4,5,3.651
50,3,5,2.678
50,2,5,2.571
50,1,5,2.473
51,4,5,12.399
51,3,5,12.415
51,2,5,11.488
51,1,5,13.293
49,4,5,1.356
49,3,5,1.448
49,2,5,1.57
49,1,5,2.097
52,4,5,2.493
52,3,5,2.154
52,2,5,1.812
52,1,5,1.376
53,4,5,5.075
53,3,5,5.825
53,2,5,6.497
53,1,5,7.244
54,4,5,5.797
54,3,5,5.141
54,2,5,4.363
54,1,5,4.461
2,4,3,18.5908277620868
2,3,3,22.2749280175046
2,2,3,
2,1,3,
6,4,3,17.3430079433227
6,3,3,18.0993066345064
6,2,3,19.2931031434152
6,1,3,19.3896785284403
3,4,3,17.4823722798533
3,3,3,16.7357064364676
3,2,3,16.7371091356356
3,1,3,16.4539498482643
5,4,3,25.8099456026526
5,3,3,25.0377705622704
5,2,3,23.4056081561129
5,1,3,20.8210379838202
4,4,3,32.6906447797128
4,3,3,35.9943679768934
4,2,3,32.5836928214003
4,1,3,33.1944622770528
9,4,3,12.3148432385651
9,3,3,11.7154335961189
9,2,3,12.7910233032414
9,1,3,13.5768259854235
8,4,3,14.3706640485152
8,3,3,14.1903930856487
8,2,3,13.7278364272632
8,1,3,12.9611374928781
13,4,3,17.9395649927598
13,3,3,15.2272521698246
13,2,3,11.1598525258918
13,1,3,8.87867280525648
11,4,3,16.1429576955409
11,3,3,15.8220261992571
11,2,3,13.6288653351441
11,1,3,12.8050752158186
7,4,3,55.104237005768
7,3,3,56.4111670298392
7,2,3,57.6507481205977
7,1,3,58.5403296940705
1,4,3,20.2524548230485
1,3,3,19.2203451351034
1,2,3,16.4216636360138
1,1,3,15.0652748989807
10,4,3,9.66896292279385
10,3,3,6.28199600168377
10,2,3,5.99411802017464
10,1,3,4.41495267416436
14,4,3,17.6694307998743
14,3,3,16.7417116291801
14,2,3,14.6906998099912
14,1,3,14.3175686042922
12,4,3,7.1121281512558
12,3,3,5.93167471593023
12,2,3,5.3536176326424
12,1,3,4.91397198759442
15,4,3,20.4371265619881
15,3,3,21.7028460975101
15,2,3,22.1377018857024
15,1,3,22.1463874057357
16,4,3,34.1348626252639
16,3,3,26.316393760305
16,2,3,25.6066805392918
16,1,3,26.2224394958043
18,4,3,
18,3,3,
18,2,3,53.241077381173
18,1,3,33.9868058928029
20,4,3,
20,3,3,
20,2,3,
20,1,3,
21,4,3,13.8289895507558
21,3,3,14.5161472286238
21,2,3,14.5417251249117
21,1,3,15.012821298493
23,4,3,17.4356386560413
23,3,3,17.9335670472186
23,2,3,16.5048906269026
23,1,3,15.2923716479322
24,4,3,10.772259870664
24,3,3,11.8208499509811
24,2,3,9.93570310868044
24,1,3,7.34182007384099
22,4,3,
22,3,3,
22,2,3,8.8311855558866
22,1,3,9.98100085589005
25,4,3,7.00586280603824
25,3,3,7.77995634782975
25,2,3,13.4338996126926
25,1,3,11.9864956964581
17,4,3,14.9468582596128
17,3,3,12.5262525944721
17,2,3,8.10847678929606
17,1,3,6.863157222794
26,4,3,35.5710732134397
26,3,3,36.6993293508397
26,2,3,34.5220651778387
26,1,3,28.3321722043471
28,4,3,13.0206645953549
28,3,3,12.7449494275786
28,2,3,11.4404481833926
28,1,3,11.8207741493068
29,4,3,18.8829258302328
29,3,3,21.5199787186929
29,2,3,19.3187188616
29,1,3,13.7369369068516
27,4,3,18.2128934613148
27,3,3,18.2736366996778
27,2,3,19.3315018437025
27,1,3,19.9473003777666
35,4,3,80.2299496773881
35,3,3,78.3933979966934
35,2,3,83.5103076143461
35,1,3,83.5655425605352
30,4,3,11.8878140256576
30,3,3,12.3105923900588
30,2,3,11.6677588601475
30,1,3,11.0832879408739
32,4,3,22.1370457826586
32,3,3,21.0168582324221
32,2,3,18.55947925554
32,1,3,17.5824705337783
36,4,3,31.2078879056346
36,3,3,32.0531316730482
36,2,3,30.188781793048
36,1,3,26.2611547587696
33,4,3,20.2989097590812
33,3,3,21.115578390201
33,2,3,19.5202997737568
33,1,3,18.345839833704
34,4,3,92.3062681730231
34,3,3,98.7466842871376
34,2,3,95.5827424187745
34,1,3,103.699492267184
31,4,3,8.00930921941906
31,3,3,9.1724038585019
31,2,3,7.83598581016284
31,1,3,8.55708608442318
37,4,3,68.5718638970192
37,3,3,65.6259688357891
37,2,3,
37,1,3,
38,4,3,11.4788257050699
38,3,3,11.2731547376931
38,2,3,10.6800359863882
38,1,3,10.460630408421
39,4,3,14.6080388563102
39,3,3,13.0786844773698
39,2,3,13.2970053767392
39,1,3,11.5332149415284
40,4,3,20.4751724214641
40,3,3,20.9997079033272
40,2,3,17.6303961518493
40,1,3,16.2164793656958
48,4,3,8.21971643252736
48,3,3,8.12473335981359
48,2,3,8.15064686274859
48,1,3,10.5177916679111
42,4,3,27.7982798735302
42,3,3,27.3046862692017
42,2,3,27.3169375684194
42,1,3,26.3165131362675
44,4,3,3.51808121980782
44,3,3,3.3473681726433
44,2,3,3.19014735484618
44,1,3,3.12773073712044
45,4,3,
45,3,3,
45,2,3,
45,1,3,
47,4,3,4.42474874705564
47,3,3,2.3046060068698
47,2,3,1.81010943088354
47,1,3,1.13382804534706
41,4,3,31.4994056021873
41,3,3,33.2568293234457
41,2,3,32.7441700381868
41,1,3,36.3258991131173
19,4,3,21.5801659225305
19,3,3,21.25805436914
19,2,3,21.8445673382862
19,1,3,21.4745583840623
43,4,3,24.5166106524244
43,3,3,24.3497337704834
43,2,3,24.3504437974192
43,1,3,21.3672112428034
46,4,3,124.360496111764
46,3,3,127.203244242731
46,2,3,128.838374779653
46,1,3,127.029272479724
50,4,3,30.4171056281322
50,3,3,29.1751266271894
50,2,3,25.4754223409385
50,1,3,27.247557452577
51,4,3,62.2469554675417
51,3,3,60.1365541399108
51,2,3,59.8085555890782
51,1,3,57.9598823065191
49,4,3,13.670306797678
49,3,3,14.6135380844234
49,2,3,13.3037348078978
49,1,3,12.5373332966711
52,4,3,13.6400887820262
52,3,3,13.7686115419746
52,2,3,12.9035596137235
52,1,3,12.2262302358289
53,4,3,15.4421205069544
53,3,3,19.7648340604039
53,2,3,17.0881246939801
53,1,3,15.8169736426664
54,4,3,17.0984957033978
54,3,3,18.3157437835024
54,2,3,19.2103454143462
54,1,3,18.7319297666254
2,4,11,
2,3,11,
2,2,11,
2,1,11,
6,4,11,
6,3,11,
6,2,11,
6,1,11,75.8
3,4,11,
3,3,11,65.8
3,2,11,
3,1,11,
5,4,11,
5,3,11,
5,2,11,58.7
5,1,11,
4,4,11,
4,3,11,21.4
4,2,11,
4,1,11,
9,4,11,
9,3,11,
9,2,11,
9,1,11,
8,4,11,
8,3,11,
8,2,11,29.0
8,1,11,
13,4,11,
13,3,11,
13,2,11,
13,1,11,
11,4,11,
11,3,11,
11,2,11,31.4
11,1,11,
7,4,11,
7,3,11,14.6
7,2,11,
7,1,11,
1,4,11,
1,3,11,
1,2,11,
1,1,11,
10,4,11,
10,3,11,
10,2,11,
10,1,11,
14,4,11,
14,3,11,47.5
14,2,11,
14,1,11,
12,4,11,
12,3,11,
12,2,11,
12,1,11,
15,4,11,
15,3,11,
15,2,11,
15,1,11,31.2
16,4,11,
16,3,11,1.2
16,2,11,
16,1,11,
18,4,11,
18,3,11,
18,2,11,
18,1,11,
20,4,11,
20,3,11,33.0
20,2,11,
20,1,11,
21,4,11,
21,3,11,
21,2,11,
21,1,11,
23,4,11,39.0
23,3,11,
23,2,11,
23,1,11,
24,4,11,
24,3,11,
24,2,11,
24,1,11,
22,4,11,
22,3,11,17.1
22,2,11,
22,1,11,
25,4,11,
25,3,11,
25,2,11,
25,1,11,
17,4,11,
17,3,11,
17,2,11,
17,1,11,
26,4,11,
26,3,11,37.7
26,2,11,
26,1,11,
28,4,11,33.6
28,3,11,
28,2,11,31.7
28,1,11,
29,4,11,
29,3,11,
29,2,11,
29,1,11,
27,4,11,
27,3,11,
27,2,11,
27,1,11,
35,4,11,
35,3,11,
35,2,11,
35,1,11,3.7
30,4,11,
30,3,11,
30,2,11,
30,1,11,
32,4,11,
32,3,11,
32,2,11,
32,1,11,
36,4,11,
36,3,11,
36,2,11,74.4
36,1,11,
33,4,11,
33,3,11,
33,2,11,11.7
33,1,11,
34,4,11,
34,3,11,
34,2,11,
34,1,11,
31,4,11,71.7
31,3,11,
31,2,11,
31,1,11,
37,4,11,
37,3,11,22.9
37,2,11,
37,1,11,
38,4,11,
38,3,11,
38,2,11,60.3
38,1,11,
39,4,11,
39,3,11,35.8
39,2,11,
39,1,11,
40,4,11,63.8
40,3,11,
40,2,11,
40,1,11,65.2
48,4,11,
48,3,11,
48,2,11,10.1
48,1,11,
42,4,11,
42,3,11,
42,2,11,
42,1,11,
44,4,11,
44,3,11,
44,2,11,
44,1,11,
45,4,11,
45,3,11,
45,2,11,
45,1,11,
47,4,11,76.5
47,3,11,
47,2,11,
47,1,11,
41,4,11,
41,3,11,
41,2,11,
41,1,11,
19,4,11,44.5
19,3,11,
19,2,11,
19,1,11,
43,4,11,
43,3,11,
43,2,11,
43,1,11,1.6
46,4,11,
46,3,11,
46,2,11,31.2
46,1,11,
50,4,11,
50,3,11,61.5
50,2,11,
50,1,11,
51,4,11,
51,3,11,0.7
51,2,11,
51,1,11,
49,4,11,
49,3,11,
49,2,11,
49,1,11,
52,4,11,60.1
52,3,11,
52,2,11,
52,1,11,
53,4,11,
53,3,11,67.9
53,2,11,
53,1,11,
54,4,11,
54,3,11,
54,2,11,
54,1,11,
